date,category,region,customer_id,amount
2024-01-01,Home,West,166,67.91
2024-01-01,Home,South,57,72.15
2024-01-01,Home,West,269,76.11
2024-01-01,Clothing,West,5,47.87
2024-01-01,Electronics,West,94,180.35
2024-01-01,Clothing,South,58,27.58
2024-01-01,Electronics,North,90,96.63
2024-01-01,Clothing,East,49,43.02
2024-01-01,Clothing,West,295,34.05
2024-01-01,Clothing,North,98,42.22
2024-01-01,Home,North,295,68.92
2024-01-01,Clothing,North,289,57.0
2024-01-01,Electronics,East,102,80.21
2024-01-02,Books,South,148,12.84
2024-01-02,Home,South,170,82.78
2024-01-02,Books,East,114,28.84
2024-01-02,Electronics,South,8,112.75
2024-01-02,Home,South,3,36.36
2024-01-03,Clothing,East,70,53.47
2024-01-03,Electronics,West,27,147.27
2024-01-03,Home,North,148,50.8
2024-01-03,Electronics,West,141,140.16
2024-01-03,Clothing,East,116,46.9
2024-01-03,Electronics,East,118,109.22
2024-01-03,Electronics,South,209,108.34
2024-01-04,Electronics,East,48,95.95
2024-01-04,Books,North,233,11.99
2024-01-04,Clothing,West,157,50.5
2024-01-04,Clothing,East,50,47.37
2024-01-04,Home,East,182,105.12
2024-01-04,Electronics,North,179,131.1
2024-01-05,Electronics,North,43,88.29
2024-01-05,Home,West,296,77.58
2024-01-05,Electronics,West,90,124.4
2024-01-05,Home,West,128,107.99
2024-01-05,Books,West,207,22.54
2024-01-05,Electronics,South,148,119.17
2024-01-05,Electronics,South,282,145.98
2024-01-05,Books,North,279,20.64
2024-01-05,Electronics,North,175,132.25
2024-01-05,Home,East,187,47.16
2024-01-06,Home,East,206,83.12
2024-01-06,Books,South,277,29.61
2024-01-06,Home,East,276,62.76
2024-01-06,Electronics,East,73,157.13
2024-01-06,Electronics,West,215,51.78
2024-01-06,Electronics,North,148,140.18
2024-01-07,Electronics,West,176,90.73
2024-01-07,Electronics,North,274,90.81
2024-01-07,Clothing,North,186,19.24
2024-01-08,Home,East,61,63.12
2024-01-08,Clothing,West,3,48.69
2024-01-08,Electronics,East,138,120.19
2024-01-08,Electronics,North,240,128.4
2024-01-08,Clothing,North,120,25.69
2024-01-08,Clothing,South,28,53.83
2024-01-08,Books,South,181,32.48
2024-01-08,Clothing,South,156,56.46
2024-01-08,Clothing,North,8,52.66
2024-01-09,Clothing,South,212,25.31
2024-01-09,Electronics,East,59,167.72
2024-01-09,Books,South,63,24.69
2024-01-09,Electronics,West,164,89.84
2024-01-09,Electronics,South,182,158.13
2024-01-09,Home,East,203,70.1
2024-01-10,Home,West,209,106.34
2024-01-10,Home,West,40,61.97
2024-01-10,Electronics,North,208,128.18
2024-01-10,Books,South,48,26.06
2024-01-11,Clothing,North,52,28.45
2024-01-11,Electronics,West,193,88.57
2024-01-11,Electronics,East,163,87.98
2024-01-11,Electronics,West,205,81.29
2024-01-11,Clothing,East,222,40.37
2024-01-12,Electronics,North,39,202.52
2024-01-12,Books,North,61,24.67
2024-01-12,Clothing,North,25,63.21
2024-01-12,Electronics,South,143,106.78
2024-01-12,Electronics,West,82,164.22
2024-01-12,Electronics,West,59,98.33
2024-01-12,Electronics,North,235,147.48
2024-01-12,Books,North,65,21.99
2024-01-13,Clothing,West,81,55.4
2024-01-13,Home,East,45,111.62
2024-01-13,Electronics,South,61,135.9
2024-01-13,Home,North,179,106.69
2024-01-13,Clothing,North,151,41.37
2024-01-13,Electronics,East,183,167.4
2024-01-14,Electronics,West,255,101.47
2024-01-14,Home,North,134,67.44
2024-01-14,Electronics,West,182,156.76
2024-01-14,Books,South,84,24.68
2024-01-14,Electronics,West,268,133.3
2024-01-14,Clothing,North,33,47.47
2024-01-14,Clothing,West,101,43.03
2024-01-15,Electronics,South,57,98.39
2024-01-15,Home,North,193,38.41
2024-01-15,Electronics,West,244,144.43
2024-01-15,Clothing,North,264,40.91
2024-01-15,Books,East,163,19.16
2024-01-15,Clothing,East,181,46.37
2024-01-15,Electronics,West,138,107.08
2024-01-15,Clothing,East,18,39.95
2024-01-15,Clothing,South,100,33.71
2024-01-16,Home,North,230,119.28
2024-01-16,Clothing,West,138,51.86
2024-01-16,Home,North,248,102.78
2024-01-17,Books,North,169,13.83
2024-01-17,Books,West,53,15.12
2024-01-17,Home,South,69,36.28
2024-01-17,Clothing,North,71,38.17
2024-01-17,Home,East,291,73.34
2024-01-17,Home,South,217,76.62
2024-01-17,Electronics,North,179,101.92
2024-01-18,Home,South,287,56.99
2024-01-18,Electronics,West,32,131.29
2024-01-18,Books,South,163,27.39
2024-01-19,Clothing,South,16,40.87
2024-01-19,Books,South,97,21.1
2024-01-19,Clothing,East,222,47.84
2024-01-19,Books,South,129,17.32
2024-01-19,Clothing,East,23,58.8
2024-01-20,Home,South,262,73.83
2024-01-20,Clothing,East,166,41.42
2024-01-20,Clothing,East,45,54.44
2024-01-21,Electronics,West,51,96.49
2024-01-21,Home,North,21,66.8
2024-01-21,Books,South,178,16.03
2024-01-21,Home,West,188,87.82
2024-01-21,Clothing,North,127,58.86
2024-01-21,Home,West,137,106.87
2024-01-21,Home,South,280,64.58
2024-01-21,Home,West,271,116.74
2024-01-22,Books,West,280,15.32
2024-01-22,Electronics,North,294,128.49
2024-01-22,Home,North,248,85.36
2024-01-22,Electronics,East,227,129.86
2024-01-23,Clothing,South,233,73.17
2024-01-23,Clothing,East,278,38.5
2024-01-23,Clothing,North,111,15.2
2024-01-23,Electronics,North,291,104.58
2024-01-23,Electronics,East,33,134.9
2024-01-23,Clothing,North,208,39.88
2024-01-24,Clothing,West,43,49.98
2024-01-24,Books,West,214,25.51
2024-01-24,Clothing,South,255,42.47
2024-01-24,Electronics,North,20,110.14
2024-01-24,Books,West,39,25.97
2024-01-25,Clothing,South,237,77.45
2024-01-25,Clothing,South,207,63.47
2024-01-25,Electronics,East,284,110.21
2024-01-25,Books,East,149,22.12
2024-01-25,Clothing,North,162,48.5
2024-01-25,Books,West,166,32.45
2024-01-25,Home,South,227,44.77
2024-01-26,Electronics,North,279,117.15
2024-01-26,Books,East,163,25.12
2024-01-26,Clothing,West,211,45.16
2024-01-26,Clothing,South,62,60.57
2024-01-26,Home,North,96,86.93
2024-01-26,Electronics,South,142,98.36
2024-01-26,Electronics,East,187,128.86
2024-01-27,Clothing,North,120,35.99
2024-01-27,Electronics,North,251,77.39
2024-01-27,Electronics,South,249,111.43
2024-01-27,Books,South,50,14.17
2024-01-27,Books,East,169,19.31
2024-01-27,Clothing,North,61,59.42
2024-01-27,Clothing,South,216,27.72
2024-01-28,Electronics,South,104,82.58
2024-01-28,Electronics,North,147,124.25
2024-01-28,Home,South,253,54.33
2024-01-28,Home,North,119,78.56
2024-01-28,Electronics,East,222,103.77
2024-01-28,Home,West,223,46.55
2024-01-28,Home,South,168,51.21
2024-01-28,Clothing,West,294,48.37
2024-01-28,Clothing,South,77,41.04
2024-01-29,Electronics,South,211,123.24
2024-01-29,Clothing,North,17,47.04
2024-01-29,Clothing,East,271,38.93
2024-01-29,Books,North,278,18.9
2024-01-29,Clothing,East,129,63.34
2024-01-29,Clothing,East,127,56.26
2024-01-29,Electronics,North,15,115.76
2024-01-30,Books,North,8,8.72
2024-01-30,Home,North,62,91.83
2024-01-30,Home,East,136,92.98
2024-01-30,Home,North,295,71.2
2024-01-30,Electronics,North,54,118.34
2024-01-30,Electronics,West,225,68.0
2024-01-30,Electronics,West,126,136.48
2024-01-31,Books,North,250,21.9
2024-01-31,Clothing,East,55,48.55
2024-02-01,Home,South,224,74.73
2024-02-01,Clothing,North,65,56.89
2024-02-01,Electronics,South,282,100.78
2024-02-01,Electronics,South,48,135.21
2024-02-02,Clothing,South,103,62.32
2024-02-02,Home,North,71,71.78
2024-02-02,Clothing,West,28,46.5
2024-02-02,Home,South,266,70.1
2024-02-02,Electronics,North,197,138.72
2024-02-02,Clothing,South,218,48.44
2024-02-02,Books,South,24,11.65
2024-02-02,Clothing,South,167,34.92
2024-02-02,Home,North,48,97.09
2024-02-02,Clothing,East,265,46.51
2024-02-03,Clothing,South,136,43.54
2024-02-03,Electronics,East,280,170.81
2024-02-03,Electronics,West,156,169.86
2024-02-03,Electronics,East,25,112.69
2024-02-03,Electronics,East,141,104.36
2024-02-03,Home,East,220,72.34
2024-02-04,Electronics,South,171,126.76
2024-02-04,Books,West,175,23.5
2024-02-04,Home,West,175,67.2
2024-02-04,Home,North,25,65.0
2024-02-04,Clothing,West,38,37.19
2024-02-04,Books,South,11,18.3
2024-02-04,Home,West,137,62.99
2024-02-04,Electronics,West,296,165.99
2024-02-05,Clothing,East,79,41.78
2024-02-05,Home,South,210,73.63
2024-02-05,Books,North,224,19.68
2024-02-05,Clothing,South,160,41.04
2024-02-05,Home,West,43,68.55
2024-02-05,Electronics,South,83,83.36
2024-02-05,Books,West,141,13.27
2024-02-06,Electronics,East,116,100.98
2024-02-06,Electronics,East,292,144.01
2024-02-06,Clothing,North,59,61.81
2024-02-06,Clothing,North,228,43.93
2024-02-06,Electronics,West,168,151.67
2024-02-06,Clothing,West,190,49.25
2024-02-07,Clothing,East,116,55.62
2024-02-07,Home,West,279,87.41
2024-02-07,Clothing,West,239,50.7
2024-02-07,Clothing,South,18,34.34
2024-02-07,Books,North,246,17.48
2024-02-07,Clothing,West,201,33.76
2024-02-07,Clothing,East,230,34.11
2024-02-07,Electronics,South,122,111.57
2024-02-07,Electronics,West,91,84.1
2024-02-07,Electronics,East,28,110.89
2024-02-07,Home,East,156,64.14
2024-02-08,Clothing,East,93,32.57
2024-02-08,Books,North,239,23.46
2024-02-08,Clothing,North,153,38.87
2024-02-08,Home,East,13,95.52
2024-02-08,Home,East,204,92.03
2024-02-08,Clothing,North,238,51.06
2024-02-08,Electronics,West,104,79.56
2024-02-08,Clothing,West,269,28.33
2024-02-08,Clothing,North,125,37.52
2024-02-08,Books,West,58,24.54
2024-02-09,Home,West,126,61.58
2024-02-09,Books,East,49,19.64
2024-02-09,Clothing,West,182,50.18
2024-02-09,Home,North,71,67.49
2024-02-09,Clothing,South,114,48.64
2024-02-10,Electronics,West,276,158.71
2024-02-10,Electronics,West,111,146.61
2024-02-10,Home,East,152,87.65
2024-02-10,Electronics,East,104,124.23
2024-02-11,Clothing,East,188,45.51
2024-02-11,Clothing,West,138,49.69
2024-02-11,Clothing,West,206,39.33
2024-02-11,Home,West,159,104.07
2024-02-11,Books,South,106,28.34
2024-02-11,Electronics,North,74,143.91
2024-02-12,Clothing,South,48,58.39
2024-02-12,Clothing,East,191,27.96
2024-02-12,Clothing,West,88,52.68
2024-02-12,Home,East,292,68.46
2024-02-13,Electronics,East,224,112.3
2024-02-13,Home,East,87,68.2
2024-02-13,Books,North,248,12.0
2024-02-13,Electronics,East,43,127.15
2024-02-13,Electronics,East,86,122.61
2024-02-13,Electronics,North,6,93.69
2024-02-14,Home,South,109,84.75
2024-02-14,Home,East,210,66.43
2024-02-14,Clothing,West,225,50.37
2024-02-14,Clothing,East,278,51.4
2024-02-15,Home,North,173,78.93
2024-02-15,Clothing,East,219,41.76
2024-02-15,Books,North,68,18.68
2024-02-15,Home,East,25,76.48
2024-02-15,Electronics,West,247,102.96
2024-02-15,Home,East,22,118.01
2024-02-15,Clothing,South,195,29.67
2024-02-16,Clothing,West,22,44.16
2024-02-16,Clothing,North,221,31.24
2024-02-16,Home,South,96,52.8
2024-02-16,Electronics,West,58,94.84
2024-02-16,Electronics,South,184,102.39
2024-02-16,Home,West,229,67.18
2024-02-16,Clothing,South,165,44.83
2024-02-16,Electronics,East,249,101.22
2024-02-16,Home,West,104,53.04
2024-02-16,Electronics,East,239,134.26
2024-02-16,Electronics,North,56,124.79
2024-02-16,Clothing,South,204,45.39
2024-02-17,Books,South,58,29.21
2024-02-17,Home,East,193,55.41
2024-02-17,Electronics,West,215,119.95
2024-02-17,Home,South,212,53.16
2024-02-17,Electronics,South,22,134.43
2024-02-17,Clothing,East,7,21.95
2024-02-17,Clothing,North,195,45.12
2024-02-17,Clothing,South,278,54.4
2024-02-18,Home,West,213,103.08
2024-02-18,Home,North,189,71.79
2024-02-18,Home,East,85,67.81
2024-02-18,Home,West,239,81.88
2024-02-18,Electronics,West,49,117.74
2024-02-18,Books,South,207,17.17
2024-02-18,Electronics,South,268,71.89
2024-02-19,Clothing,South,173,37.62
2024-02-19,Clothing,South,186,44.57
2024-02-19,Clothing,West,107,36.21
2024-02-19,Electronics,South,1,85.43
2024-02-20,Electronics,South,254,128.51
2024-02-20,Home,North,165,50.37
2024-02-20,Clothing,North,100,60.96
2024-02-20,Home,East,232,53.63
2024-02-20,Home,South,184,67.23
2024-02-20,Home,South,218,56.37
2024-02-20,Electronics,West,44,90.39
2024-02-20,Home,North,45,59.21
2024-02-20,Books,East,250,19.56
2024-02-21,Clothing,East,272,37.42
2024-02-21,Home,West,285,97.37
2024-02-21,Electronics,North,34,98.53
2024-02-21,Clothing,North,124,40.76
2024-02-21,Home,East,5,87.67
2024-02-21,Clothing,South,91,45.59
2024-02-22,Clothing,South,199,53.78
2024-02-22,Electronics,West,208,77.26
2024-02-22,Home,North,277,115.03
2024-02-22,Clothing,North,93,33.13
2024-02-22,Books,West,137,27.24
2024-02-22,Home,North,190,70.61
2024-02-22,Electronics,North,286,81.93
2024-02-22,Clothing,East,274,39.55
2024-02-22,Clothing,South,29,33.26
2024-02-22,Electronics,South,147,74.9
2024-02-23,Home,East,162,52.21
2024-02-23,Home,West,246,62.08
2024-02-23,Electronics,East,109,98.92
2024-02-23,Home,South,45,99.97
2024-02-23,Home,West,283,63.09
2024-02-23,Clothing,South,68,48.53
2024-02-23,Books,West,175,25.76
2024-02-23,Electronics,West,39,79.0
2024-02-23,Clothing,South,255,46.5
2024-02-24,Electronics,East,74,82.19
2024-02-24,Home,South,288,85.08
2024-02-24,Electronics,West,206,121.22
2024-02-24,Electronics,East,156,132.27
2024-02-24,Electronics,East,156,150.23
2024-02-25,Electronics,South,28,121.24
2024-02-25,Home,West,256,77.5
2024-02-25,Home,East,245,84.01
2024-02-25,Home,South,232,72.92
2024-02-25,Electronics,South,109,99.63
2024-02-26,Home,West,187,97.49
2024-02-26,Clothing,East,73,38.92
2024-02-26,Clothing,East,221,34.26
2024-02-26,Home,North,258,66.33
2024-02-26,Clothing,North,221,40.21
2024-02-27,Home,North,254,72.52
2024-02-27,Home,East,289,89.64
2024-02-27,Electronics,South,47,143.13
2024-02-27,Clothing,North,57,54.8
2024-02-27,Home,West,270,63.29
2024-02-27,Electronics,West,235,106.37
2024-02-27,Home,North,261,100.84
2024-02-27,Clothing,South,166,44.79
2024-02-27,Clothing,South,237,33.04
2024-02-28,Clothing,North,110,46.81
2024-02-28,Electronics,South,118,141.04
2024-02-28,Electronics,East,139,115.68
2024-02-28,Home,West,25,94.4
2024-02-29,Clothing,West,256,43.32
2024-02-29,Home,West,204,41.13
2024-02-29,Electronics,North,17,141.81
2024-02-29,Home,South,251,69.33
2024-02-29,Books,East,251,17.78
2024-02-29,Electronics,South,293,121.27
2024-02-29,Clothing,North,246,59.17
2024-02-29,Clothing,West,91,50.84
2024-03-01,Electronics,East,55,112.16
2024-03-01,Clothing,East,62,53.72
2024-03-01,Books,North,70,21.68
2024-03-01,Clothing,South,239,33.12
2024-03-01,Home,East,85,89.36
2024-03-01,Books,East,207,23.15
2024-03-02,Clothing,West,93,43.85
2024-03-02,Clothing,West,59,47.29
2024-03-02,Electronics,East,222,109.25
2024-03-02,Clothing,East,170,66.26
2024-03-02,Home,North,242,31.03
2024-03-02,Electronics,West,290,139.36
2024-03-02,Books,East,227,15.54
2024-03-02,Clothing,West,17,42.01
2024-03-02,Clothing,East,108,33.01
2024-03-02,Home,East,78,76.03
2024-03-02,Clothing,North,252,62.76
2024-03-03,Home,North,130,114.61
2024-03-03,Electronics,West,63,69.02
2024-03-03,Clothing,East,282,42.98
2024-03-03,Home,East,88,83.67
2024-03-03,Clothing,South,157,53.52
2024-03-03,Books,West,229,14.29
2024-03-03,Electronics,East,94,170.13
2024-03-03,Electronics,West,128,156.19
2024-03-03,Clothing,West,140,48.54
2024-03-03,Electronics,East,140,171.82
2024-03-03,Home,North,17,67.97
2024-03-03,Home,West,273,77.65
2024-03-04,Home,West,276,76.44
2024-03-04,Home,West,46,90.92
2024-03-04,Electronics,West,139,191.41
2024-03-04,Home,South,293,105.36
2024-03-04,Clothing,East,58,73.4
2024-03-05,Books,South,154,12.27
2024-03-05,Home,North,133,57.8
2024-03-05,Clothing,South,215,40.11
2024-03-05,Clothing,North,245,44.26
2024-03-05,Home,East,217,80.49
2024-03-05,Home,South,282,67.47
2024-03-06,Clothing,West,32,51.11
2024-03-06,Books,West,40,27.27
2024-03-06,Clothing,North,133,46.55
2024-03-06,Books,South,62,16.47
2024-03-06,Home,South,192,80.09
2024-03-07,Electronics,East,65,127.67
2024-03-07,Electronics,West,83,105.32
2024-03-07,Home,North,3,49.47
2024-03-07,Electronics,West,9,72.24
2024-03-07,Clothing,North,287,53.06
2024-03-08,Clothing,South,77,54.19
2024-03-08,Clothing,East,20,27.67
2024-03-08,Home,South,74,95.82
2024-03-08,Clothing,North,256,53.48
2024-03-08,Electronics,North,177,107.5
2024-03-08,Clothing,South,112,21.77
2024-03-09,Electronics,North,2,64.21
2024-03-09,Electronics,West,220,142.96
2024-03-09,Electronics,East,95,121.65
2024-03-09,Home,North,6,42.95
2024-03-09,Clothing,West,219,55.51
2024-03-09,Books,West,73,17.36
2024-03-09,Electronics,South,265,152.29
2024-03-09,Electronics,North,29,52.06
2024-03-09,Clothing,South,171,52.16
2024-03-10,Books,North,291,16.92
2024-03-10,Electronics,North,195,112.26
2024-03-10,Electronics,North,101,119.23
2024-03-10,Books,North,168,19.6
2024-03-10,Clothing,West,149,68.64
2024-03-10,Electronics,South,268,160.63
2024-03-11,Clothing,South,277,63.48
2024-03-11,Electronics,West,242,114.66
2024-03-11,Clothing,South,56,42.39
2024-03-11,Electronics,East,214,131.78
2024-03-12,Clothing,North,127,40.03
2024-03-12,Home,East,96,78.7
2024-03-12,Electronics,West,16,107.97
2024-03-12,Electronics,West,216,167.91
2024-03-12,Home,West,125,70.28
2024-03-12,Electronics,North,204,108.22
2024-03-13,Home,East,207,83.07
2024-03-13,Home,East,73,90.46
2024-03-13,Electronics,West,258,93.85
2024-03-14,Books,South,122,23.75
2024-03-14,Home,North,131,90.21
2024-03-14,Home,South,59,72.58
2024-03-14,Home,South,150,47.38
2024-03-14,Electronics,East,150,92.36
2024-03-14,Clothing,South,219,35.34
2024-03-15,Electronics,West,235,100.1
2024-03-15,Home,South,59,87.97
2024-03-15,Clothing,East,109,34.69
2024-03-15,Books,East,283,22.14
2024-03-15,Clothing,East,113,55.06
2024-03-15,Home,North,37,75.74
2024-03-15,Clothing,North,55,40.34
2024-03-15,Electronics,North,99,82.98
2024-03-15,Home,North,59,72.88
2024-03-16,Clothing,South,57,31.57
2024-03-16,Electronics,West,188,137.84
2024-03-16,Home,South,18,65.22
2024-03-16,Home,West,298,70.2
2024-03-16,Electronics,East,275,173.45
2024-03-17,Home,North,150,95.05
2024-03-18,Books,East,269,24.8
2024-03-18,Home,North,77,82.24
2024-03-18,Clothing,East,181,42.3
2024-03-18,Books,East,231,26.72
2024-03-18,Home,South,110,73.12
2024-03-19,Clothing,North,48,33.32
2024-03-19,Books,East,64,20.81
2024-03-19,Clothing,West,209,30.2
2024-03-19,Electronics,North,256,104.58
2024-03-20,Clothing,North,269,51.1
2024-03-20,Clothing,West,141,54.2
2024-03-20,Books,North,41,10.12
2024-03-21,Home,West,226,66.23
2024-03-21,Electronics,East,295,123.93
2024-03-21,Home,North,164,59.68
2024-03-21,Clothing,West,104,49.62
2024-03-21,Electronics,West,107,108.09
2024-03-21,Clothing,South,96,47.77
2024-03-21,Home,West,8,47.47
2024-03-22,Home,West,241,53.21
2024-03-22,Books,South,12,16.34
2024-03-22,Electronics,East,116,157.23
2024-03-22,Home,East,246,75.29
2024-03-22,Electronics,North,235,73.42
2024-03-23,Books,West,147,21.56
2024-03-23,Electronics,South,236,182.68
2024-03-23,Home,East,121,42.11
2024-03-23,Books,West,238,22.45
2024-03-23,Electronics,East,171,95.27
2024-03-24,Home,East,181,48.8
2024-03-24,Electronics,North,296,142.35
2024-03-24,Home,North,199,80.26
2024-03-24,Books,East,93,14.43
2024-03-24,Clothing,East,232,50.27
2024-03-24,Home,North,290,62.77
2024-03-24,Home,North,92,29.77
2024-03-24,Home,East,228,72.29
2024-03-25,Home,South,139,83.19
2024-03-25,Clothing,East,182,25.43
2024-03-25,Clothing,West,177,61.88
2024-03-25,Home,West,241,59.73
2024-03-26,Home,South,61,84.36
2024-03-26,Home,South,202,65.77
2024-03-26,Books,East,271,15.07
2024-03-26,Electronics,West,46,67.16
2024-03-26,Clothing,East,171,39.93
2024-03-26,Books,East,171,7.22
2024-03-26,Clothing,East,187,41.16
2024-03-26,Clothing,West,13,51.53
2024-03-26,Home,North,162,77.21
2024-03-26,Electronics,North,153,124.31
2024-03-26,Clothing,South,202,53.27
2024-03-27,Books,North,81,15.18
2024-03-28,Clothing,East,28,51.51
2024-03-28,Clothing,North,208,33.25
2024-03-28,Electronics,West,132,106.21
2024-03-28,Clothing,South,173,60.55
2024-03-29,Electronics,South,14,115.91
2024-03-29,Clothing,South,39,37.87
2024-03-29,Home,North,45,82.08
2024-03-29,Electronics,North,102,137.26
2024-03-29,Clothing,East,60,27.18
2024-03-29,Home,North,13,75.52
2024-03-30,Electronics,West,94,110.55
2024-03-30,Home,South,200,98.56
2024-03-30,Home,East,83,60.65
2024-03-30,Electronics,East,116,82.45
2024-03-30,Electronics,East,47,97.13
2024-03-30,Home,East,265,101.48
2024-03-30,Clothing,West,24,37.04
2024-03-30,Home,North,69,76.8
2024-03-30,Home,East,247,38.84
2024-03-30,Electronics,North,46,116.67
2024-03-30,Home,North,129,61.81
2024-03-30,Electronics,East,174,151.82
2024-03-30,Electronics,North,112,143.52
2024-03-30,Books,North,234,14.79
2024-03-31,Home,West,202,78.12
2024-03-31,Clothing,North,49,42.66
2024-03-31,Home,East,283,74.34
2024-04-01,Electronics,West,5,104.55
2024-04-01,Electronics,West,109,116.37
2024-04-01,Home,South,213,71.75
2024-04-01,Clothing,North,22,47.81
2024-04-01,Clothing,North,213,31.27
2024-04-01,Books,West,161,15.08
2024-04-01,Clothing,West,206,34.78
2024-04-01,Home,West,146,70.82
2024-04-01,Clothing,South,188,34.35
2024-04-02,Electronics,North,155,133.02
2024-04-02,Clothing,North,132,50.26
2024-04-02,Home,East,73,29.36
2024-04-02,Electronics,South,229,83.01
2024-04-02,Clothing,East,16,55.36
2024-04-02,Electronics,East,202,51.75
2024-04-02,Books,East,204,24.15
2024-04-02,Home,South,50,56.86
2024-04-03,Clothing,North,257,38.42
2024-04-03,Home,North,166,87.79
2024-04-03,Clothing,West,104,19.14
2024-04-03,Home,West,2,74.16
2024-04-03,Books,South,169,17.48
2024-04-03,Clothing,South,119,26.28
2024-04-03,Clothing,South,246,51.07
2024-04-04,Clothing,North,284,42.06
2024-04-04,Home,East,264,94.67
2024-04-04,Books,North,14,20.94
2024-04-04,Electronics,South,6,102.95
2024-04-04,Home,South,39,29.57
2024-04-04,Books,West,213,19.36
2024-04-04,Electronics,West,267,94.81
2024-04-04,Home,North,120,100.85
2024-04-04,Home,East,55,101.11
2024-04-05,Home,West,84,82.68
2024-04-05,Books,East,94,24.14
2024-04-05,Electronics,North,41,137.25
2024-04-05,Home,West,155,76.08
2024-04-05,Home,West,154,94.11
2024-04-05,Electronics,North,19,149.72
2024-04-05,Clothing,South,84,35.93
2024-04-05,Electronics,South,241,83.28
2024-04-06,Home,West,106,86.35
2024-04-06,Clothing,West,91,34.11
2024-04-06,Electronics,North,166,89.31
2024-04-06,Home,West,82,85.62
2024-04-06,Clothing,East,138,58.06
2024-04-07,Electronics,South,183,59.8
2024-04-07,Clothing,North,29,50.23
2024-04-07,Books,North,96,17.88
2024-04-07,Electronics,North,170,116.42
2024-04-08,Electronics,South,40,124.3
2024-04-08,Electronics,West,176,145.67
2024-04-08,Electronics,South,149,107.39
2024-04-08,Clothing,East,90,49.91
2024-04-08,Clothing,South,7,43.15
2024-04-08,Home,South,47,100.34
2024-04-08,Electronics,West,17,89.77
2024-04-08,Home,East,41,106.61
2024-04-08,Home,West,282,63.23
2024-04-08,Clothing,South,107,49.55
2024-04-08,Electronics,North,198,110.18
2024-04-08,Clothing,West,273,60.98
2024-04-08,Electronics,West,185,131.65
2024-04-09,Electronics,West,162,54.17
2024-04-09,Home,East,138,52.41
2024-04-09,Clothing,West,71,36.35
2024-04-09,Clothing,North,299,34.56
2024-04-09,Electronics,South,76,104.77
2024-04-09,Books,North,124,24.4
2024-04-10,Clothing,North,258,60.83
2024-04-10,Electronics,West,267,126.77
2024-04-10,Books,West,153,21.75
2024-04-10,Home,East,109,82.74
2024-04-10,Books,West,93,15.7
2024-04-10,Clothing,East,13,52.92
2024-04-10,Home,South,245,71.75
2024-04-10,Electronics,North,98,110.12
2024-04-10,Home,West,256,76.98
2024-04-10,Electronics,North,118,94.99
2024-04-11,Clothing,South,86,50.21
2024-04-11,Electronics,West,115,169.77
2024-04-12,Home,West,132,87.52
2024-04-12,Electronics,West,13,69.8
2024-04-12,Clothing,West,89,34.19
2024-04-12,Books,North,169,18.02
2024-04-12,Clothing,South,102,31.04
2024-04-12,Clothing,East,166,57.13
2024-04-13,Books,North,139,24.37
2024-04-13,Electronics,South,192,99.72
2024-04-13,Clothing,North,59,74.79
2024-04-13,Electronics,South,36,132.07
2024-04-13,Clothing,West,283,48.59
2024-04-13,Clothing,North,51,42.59
2024-04-13,Books,West,26,24.48
2024-04-13,Books,East,237,20.69
2024-04-13,Clothing,East,206,52.89
2024-04-13,Clothing,North,266,31.99
2024-04-13,Home,West,188,59.98
2024-04-13,Electronics,South,99,155.79
2024-04-13,Electronics,South,221,160.47
2024-04-13,Electronics,West,117,110.73
2024-04-13,Electronics,East,216,122.79
2024-04-14,Electronics,West,262,118.78
2024-04-14,Books,East,271,16.93
2024-04-14,Electronics,North,110,108.92
2024-04-14,Electronics,South,117,133.38
2024-04-14,Books,West,42,19.32
2024-04-14,Clothing,East,63,55.26
2024-04-15,Home,East,201,81.41
2024-04-15,Clothing,East,254,23.57
2024-04-15,Clothing,East,222,65.5
2024-04-15,Books,West,113,20.68
2024-04-16,Clothing,South,72,35.64
2024-04-16,Clothing,South,31,46.35
2024-04-16,Electronics,East,165,150.17
2024-04-16,Electronics,East,299,133.34
2024-04-17,Electronics,West,182,106.0
2024-04-17,Home,West,196,88.43
2024-04-17,Electronics,South,53,93.59
2024-04-17,Clothing,North,3,48.16
2024-04-17,Clothing,West,80,47.2
2024-04-18,Clothing,East,95,58.53
2024-04-18,Electronics,East,258,138.38
2024-04-18,Clothing,North,183,18.75
2024-04-18,Home,South,208,83.96
2024-04-18,Books,North,128,16.3
2024-04-18,Clothing,South,123,46.26
2024-04-18,Home,South,69,86.96
2024-04-18,Electronics,South,38,152.23
2024-04-18,Clothing,South,227,38.84
2024-04-19,Clothing,East,242,11.78
2024-04-19,Clothing,South,30,40.56
2024-04-19,Home,North,264,40.75
2024-04-20,Clothing,North,230,46.66
2024-04-20,Clothing,West,32,53.93
2024-04-20,Clothing,West,62,49.54
2024-04-20,Electronics,South,276,133.78
2024-04-20,Electronics,South,264,81.43
2024-04-20,Clothing,West,16,42.21
2024-04-20,Clothing,South,125,64.66
2024-04-20,Clothing,West,138,34.31
2024-04-20,Clothing,East,68,34.38
2024-04-20,Electronics,East,103,82.43
2024-04-20,Clothing,North,184,50.71
2024-04-21,Home,East,268,106.18
2024-04-21,Home,East,181,81.81
2024-04-21,Home,North,234,93.34
2024-04-21,Clothing,East,154,49.07
2024-04-21,Electronics,East,203,92.3
2024-04-22,Clothing,West,19,37.36
2024-04-22,Clothing,North,178,40.33
2024-04-22,Home,South,260,90.57
2024-04-22,Clothing,South,299,32.94
2024-04-22,Electronics,North,194,88.2
2024-04-22,Clothing,West,137,41.46
2024-04-22,Electronics,South,143,53.95
2024-04-22,Books,East,247,27.44
2024-04-22,Electronics,West,141,164.56
2024-04-22,Books,East,76,16.32
2024-04-22,Home,South,131,95.29
2024-04-22,Electronics,West,245,104.55
2024-04-22,Home,North,299,38.45
2024-04-22,Electronics,East,82,116.36
2024-04-23,Clothing,East,210,57.26
2024-04-23,Electronics,East,145,133.02
2024-04-23,Electronics,North,190,108.88
2024-04-23,Home,North,273,46.15
2024-04-24,Books,North,288,18.83
2024-04-24,Home,West,290,58.76
2024-04-24,Electronics,East,245,94.73
2024-04-24,Home,South,72,83.04
2024-04-24,Clothing,East,93,38.49
2024-04-24,Books,East,76,18.69
2024-04-24,Books,West,38,26.34
2024-04-24,Clothing,South,61,64.24
2024-04-24,Electronics,North,189,100.55
2024-04-25,Home,East,216,65.42
2024-04-25,Home,North,156,80.67
2024-04-25,Clothing,East,151,36.55
2024-04-25,Clothing,West,149,30.44
2024-04-25,Books,West,241,26.29
2024-04-26,Electronics,East,215,151.81
2024-04-26,Home,South,119,41.02
2024-04-26,Clothing,North,112,41.58
2024-04-26,Clothing,East,209,46.55
2024-04-26,Home,East,118,81.56
2024-04-26,Electronics,East,150,78.93
2024-04-26,Electronics,West,150,88.98
2024-04-26,Clothing,East,234,40.35
2024-04-26,Clothing,West,237,63.68
2024-04-26,Home,North,238,75.69
2024-04-27,Clothing,West,89,47.28
2024-04-27,Books,West,289,20.71
2024-04-27,Home,South,79,56.66
2024-04-27,Books,East,54,25.49
2024-04-27,Home,South,118,79.16
2024-04-27,Electronics,South,208,129.03
2024-04-27,Clothing,West,269,43.07
2024-04-27,Clothing,South,160,58.24
2024-04-27,Electronics,North,220,121.02
2024-04-27,Electronics,East,103,149.83
2024-04-27,Home,South,193,86.55
2024-04-28,Home,North,143,71.57
2024-04-28,Electronics,West,17,111.52
2024-04-28,Home,North,181,14.26
2024-04-29,Clothing,West,268,70.41
2024-04-29,Electronics,North,283,114.89
2024-04-29,Clothing,East,178,55.29
2024-04-29,Clothing,West,197,58.62
2024-04-29,Clothing,North,255,44.7
2024-04-30,Clothing,East,161,38.83
2024-04-30,Electronics,South,11,56.52
2024-04-30,Home,North,28,30.41
2024-04-30,Clothing,South,240,38.25
2024-05-01,Home,West,11,55.69
2024-05-01,Home,East,84,107.82
2024-05-01,Electronics,East,114,160.98
2024-05-01,Electronics,West,81,142.85
2024-05-01,Home,East,88,86.87
2024-05-01,Clothing,North,100,38.15
2024-05-01,Electronics,West,167,67.21
2024-05-02,Books,North,36,25.42
2024-05-02,Clothing,East,4,42.15
2024-05-02,Electronics,West,233,115.23
2024-05-02,Books,West,37,18.38
2024-05-02,Home,South,218,85.26
2024-05-02,Electronics,East,49,126.91
2024-05-02,Clothing,South,56,37.93
2024-05-03,Clothing,South,278,43.22
2024-05-03,Home,East,47,103.68
2024-05-03,Books,West,73,14.16
2024-05-03,Home,South,124,54.31
2024-05-03,Books,North,228,21.33
2024-05-03,Clothing,North,174,45.78
2024-05-04,Books,West,43,20.95
2024-05-04,Home,East,4,81.78
2024-05-05,Home,West,182,73.81
2024-05-05,Home,West,64,98.28
2024-05-05,Electronics,North,26,68.06
2024-05-05,Clothing,East,291,45.02
2024-05-05,Home,South,88,24.31
2024-05-05,Home,North,153,71.79
2024-05-05,Home,East,277,103.56
2024-05-06,Clothing,East,36,46.84
2024-05-06,Home,South,187,62.3
2024-05-06,Books,West,287,26.6
2024-05-06,Clothing,North,102,51.12
2024-05-06,Clothing,East,50,33.99
2024-05-07,Clothing,South,283,40.69
2024-05-07,Clothing,East,180,55.53
2024-05-07,Electronics,South,174,121.76
2024-05-07,Home,East,84,79.61
2024-05-07,Home,North,108,75.22
2024-05-07,Home,East,24,59.18
2024-05-07,Books,South,89,20.2
2024-05-07,Home,North,108,53.44
2024-05-07,Home,West,202,35.5
2024-05-08,Clothing,West,187,37.98
2024-05-08,Books,West,94,16.5
2024-05-08,Books,West,144,25.26
2024-05-08,Electronics,South,209,111.85
2024-05-08,Books,West,257,22.51
2024-05-08,Books,South,104,12.37
2024-05-08,Home,East,128,103.38
2024-05-08,Clothing,West,197,47.81
2024-05-09,Clothing,East,95,36.69
2024-05-09,Clothing,North,143,39.8
2024-05-09,Books,North,171,14.69
2024-05-09,Clothing,East,230,44.44
2024-05-09,Clothing,North,273,48.05
2024-05-09,Books,North,7,19.98
2024-05-09,Electronics,North,7,79.11
2024-05-09,Books,South,242,20.93
2024-05-09,Books,West,155,23.64
2024-05-09,Books,South,94,8.31
2024-05-09,Home,East,65,61.78
2024-05-09,Home,South,191,55.28
2024-05-10,Books,West,13,19.47
2024-05-10,Clothing,West,68,28.9
2024-05-10,Home,West,107,80.66
2024-05-10,Books,South,263,23.25
2024-05-10,Home,East,155,45.56
2024-05-10,Electronics,North,278,67.9
2024-05-10,Clothing,North,97,54.41
2024-05-11,Home,East,40,88.04
2024-05-11,Books,West,84,23.72
2024-05-11,Clothing,East,56,32.97
2024-05-11,Home,North,248,78.16
2024-05-11,Electronics,East,111,108.15
2024-05-11,Books,West,192,19.29
2024-05-11,Books,East,181,20.65
2024-05-11,Clothing,East,104,36.03
2024-05-12,Electronics,West,20,143.83
2024-05-12,Home,West,287,96.0
2024-05-12,Clothing,South,209,30.52
2024-05-12,Clothing,West,222,35.54
2024-05-12,Electronics,South,252,142.35
2024-05-12,Home,West,93,69.99
2024-05-12,Electronics,West,207,94.82
2024-05-13,Electronics,North,29,120.02
2024-05-13,Clothing,East,141,42.26
2024-05-13,Home,North,145,68.68
2024-05-13,Home,South,260,58.34
2024-05-13,Home,South,226,71.57
2024-05-13,Home,East,118,58.32
2024-05-13,Home,East,202,76.86
2024-05-13,Electronics,East,187,100.68
2024-05-14,Clothing,East,102,54.61
2024-05-14,Electronics,East,133,84.47
2024-05-14,Electronics,East,169,155.85
2024-05-14,Home,North,247,66.9
2024-05-14,Books,East,176,17.95
2024-05-14,Books,East,189,18.04
2024-05-14,Books,North,201,22.06
2024-05-15,Home,North,102,54.47
2024-05-15,Electronics,West,205,87.71
2024-05-15,Books,West,195,16.51
2024-05-15,Home,West,47,93.55
2024-05-15,Home,West,93,67.87
2024-05-15,Home,North,196,64.79
2024-05-15,Clothing,East,40,37.59
2024-05-16,Home,South,188,95.45
2024-05-16,Books,North,68,20.01
2024-05-16,Books,East,81,4.06
2024-05-16,Clothing,West,19,28.68
2024-05-16,Clothing,North,13,33.03
2024-05-16,Home,North,273,62.28
2024-05-16,Clothing,North,189,55.4
2024-05-16,Books,South,256,16.66
2024-05-16,Electronics,East,13,113.25
2024-05-17,Clothing,South,166,41.74
2024-05-17,Clothing,West,144,41.11
2024-05-17,Books,North,44,13.7
2024-05-17,Clothing,West,132,28.77
2024-05-17,Home,East,235,70.59
2024-05-18,Electronics,East,252,128.21
2024-05-18,Books,West,75,17.76
2024-05-18,Home,South,98,75.44
2024-05-19,Electronics,West,207,140.55
2024-05-19,Clothing,North,295,29.85
2024-05-19,Electronics,West,214,163.02
2024-05-19,Home,West,156,88.51
2024-05-19,Home,South,185,46.32
2024-05-19,Books,North,154,16.74
2024-05-19,Clothing,East,38,57.91
2024-05-20,Clothing,West,192,60.37
2024-05-20,Clothing,North,38,47.47
2024-05-20,Electronics,South,205,182.33
2024-05-20,Home,North,52,48.62
2024-05-20,Clothing,West,98,42.02
2024-05-20,Home,East,161,77.98
2024-05-20,Clothing,North,6,15.35
2024-05-20,Clothing,West,19,40.58
2024-05-21,Clothing,West,52,53.6
2024-05-21,Clothing,South,46,57.44
2024-05-21,Home,East,13,110.17
2024-05-21,Home,South,206,88.21
2024-05-21,Clothing,West,49,55.99
2024-05-21,Home,North,168,107.97
2024-05-22,Clothing,North,161,41.71
2024-05-22,Electronics,East,175,60.11
2024-05-22,Clothing,South,2,34.31
2024-05-22,Electronics,East,31,161.91
2024-05-22,Books,East,108,17.47
2024-05-22,Books,South,293,25.61
2024-05-23,Clothing,South,82,42.72
2024-05-23,Clothing,East,83,27.84
2024-05-23,Books,South,63,19.55
2024-05-23,Books,South,62,22.05
2024-05-23,Electronics,West,173,156.39
2024-05-23,Clothing,West,55,34.82
2024-05-23,Electronics,North,179,118.88
2024-05-23,Books,North,187,26.35
2024-05-23,Books,East,126,22.0
2024-05-23,Clothing,West,16,39.67
2024-05-24,Clothing,East,29,37.45
2024-05-24,Clothing,West,53,50.2
2024-05-24,Books,North,123,22.7
2024-05-24,Home,East,139,82.35
2024-05-24,Home,North,96,67.85
2024-05-24,Electronics,East,271,132.21
2024-05-24,Books,East,101,17.17
2024-05-24,Home,East,21,106.1
2024-05-24,Home,South,164,79.08
2024-05-24,Clothing,North,114,41.19
2024-05-24,Clothing,East,137,34.63
2024-05-25,Electronics,North,92,135.92
2024-05-25,Clothing,South,134,45.48
2024-05-25,Home,West,247,59.49
2024-05-25,Electronics,East,197,150.56
2024-05-25,Clothing,South,279,68.41
2024-05-25,Home,East,28,110.77
2024-05-25,Books,West,7,19.23
2024-05-26,Electronics,East,22,124.71
2024-05-26,Books,West,84,19.48
2024-05-26,Clothing,East,3,51.85
2024-05-26,Clothing,East,112,27.74
2024-05-26,Electronics,South,126,142.47
2024-05-26,Books,North,127,16.36
2024-05-26,Clothing,East,228,34.08
2024-05-26,Electronics,North,105,130.25
2024-05-26,Electronics,East,248,116.39
2024-05-26,Clothing,West,2,33.02
2024-05-27,Clothing,North,139,38.4
2024-05-27,Home,West,280,73.94
2024-05-27,Books,East,173,14.5
2024-05-27,Electronics,North,237,117.65
2024-05-27,Books,North,247,20.08
2024-05-27,Electronics,North,53,135.34
2024-05-27,Home,North,32,86.05
2024-05-28,Electronics,West,87,68.75
2024-05-28,Electronics,East,246,114.04
2024-05-28,Clothing,East,239,46.9
2024-05-28,Electronics,East,25,103.5
2024-05-28,Home,North,279,78.49
2024-05-29,Home,North,78,56.39
2024-05-29,Books,North,237,20.69
2024-05-29,Clothing,North,191,59.63
2024-05-29,Clothing,West,292,66.86
2024-05-29,Home,East,290,73.57
2024-05-30,Electronics,West,56,163.99
2024-05-30,Clothing,East,140,47.62
2024-05-30,Home,North,233,69.34
2024-05-30,Clothing,North,212,29.34
2024-05-30,Clothing,East,170,47.28
2024-05-30,Home,West,273,97.72
2024-05-30,Home,South,113,70.94
2024-05-30,Home,North,116,72.29
2024-05-30,Electronics,East,123,113.31
2024-05-30,Clothing,East,3,64.06
2024-05-30,Clothing,East,54,43.69
2024-05-31,Books,North,170,19.42
2024-05-31,Clothing,East,73,54.15
2024-05-31,Home,South,90,81.79
2024-05-31,Books,West,264,18.74
2024-05-31,Books,East,203,23.36
2024-05-31,Electronics,West,75,143.52
2024-05-31,Clothing,North,221,44.0
2024-05-31,Electronics,South,234,91.92
2024-05-31,Books,West,139,17.11
2024-05-31,Clothing,North,162,27.12
2024-05-31,Electronics,South,134,113.07
2024-05-31,Clothing,North,44,41.78
2024-05-31,Home,North,126,77.31
2024-06-01,Clothing,North,11,50.15
2024-06-01,Clothing,East,133,32.3
2024-06-01,Clothing,North,6,42.77
2024-06-01,Home,East,205,78.73
2024-06-01,Books,North,32,24.21
2024-06-01,Home,South,167,78.34
2024-06-02,Home,North,192,74.43
2024-06-02,Electronics,West,135,125.72
2024-06-02,Home,South,218,62.82
2024-06-02,Electronics,West,94,130.84
2024-06-02,Electronics,South,185,138.94
2024-06-02,Books,South,264,23.97
2024-06-02,Home,South,72,74.76
2024-06-02,Books,East,237,12.45
2024-06-02,Books,North,296,12.86
2024-06-03,Books,West,272,18.67
2024-06-03,Electronics,West,72,130.43
2024-06-03,Home,South,132,77.65
2024-06-03,Books,West,278,21.2
2024-06-03,Books,West,271,20.35
2024-06-03,Clothing,East,241,43.17
2024-06-03,Home,West,74,80.84
2024-06-03,Clothing,West,222,38.68
2024-06-04,Clothing,North,155,46.42
2024-06-04,Clothing,West,201,61.65
2024-06-05,Clothing,South,176,34.92
2024-06-05,Electronics,South,289,115.22
2024-06-05,Home,West,295,74.77
2024-06-05,Clothing,North,54,37.25
2024-06-05,Clothing,East,224,37.25
2024-06-05,Clothing,North,160,62.04
2024-06-05,Electronics,East,226,145.07
2024-06-06,Home,West,116,54.22
2024-06-06,Clothing,South,190,42.33
2024-06-06,Electronics,West,149,161.7
2024-06-06,Home,North,12,93.95
2024-06-07,Home,North,91,77.66
2024-06-07,Electronics,East,18,158.21
2024-06-07,Home,West,211,81.86
2024-06-07,Clothing,North,69,33.71
2024-06-08,Home,South,272,82.23
2024-06-08,Electronics,South,84,150.84
2024-06-08,Clothing,East,44,41.96
2024-06-08,Clothing,South,266,50.93
2024-06-08,Clothing,North,214,29.88
2024-06-08,Books,North,138,24.5
2024-06-08,Books,North,122,21.04
2024-06-08,Clothing,West,137,55.61
2024-06-08,Electronics,West,274,124.59
2024-06-09,Home,West,265,82.12
2024-06-09,Clothing,West,292,44.06
2024-06-09,Home,South,233,103.91
2024-06-09,Electronics,West,252,145.51
2024-06-09,Clothing,South,266,57.97
2024-06-09,Clothing,West,129,62.6
2024-06-09,Electronics,North,59,158.45
2024-06-09,Electronics,South,256,152.37
2024-06-09,Clothing,East,35,41.5
2024-06-09,Home,North,175,67.66
2024-06-09,Clothing,East,8,49.83
2024-06-09,Clothing,South,207,45.51
2024-06-09,Books,West,147,11.58
2024-06-10,Books,North,64,30.51
2024-06-10,Clothing,East,288,56.71
2024-06-10,Clothing,West,292,51.63
2024-06-10,Clothing,East,153,66.33
2024-06-10,Electronics,North,180,78.86
2024-06-10,Electronics,East,106,123.64
2024-06-11,Clothing,East,107,43.08
2024-06-11,Clothing,West,223,50.07
2024-06-11,Clothing,West,124,52.25
2024-06-11,Home,East,221,117.48
2024-06-11,Clothing,West,266,38.12
2024-06-11,Books,South,79,21.11
2024-06-12,Electronics,South,111,124.23
2024-06-12,Clothing,North,167,52.45
2024-06-12,Clothing,North,92,33.41
2024-06-12,Books,North,282,18.17
2024-06-12,Clothing,West,46,50.45
2024-06-12,Clothing,South,10,35.86
2024-06-12,Clothing,West,281,51.87
2024-06-12,Books,South,89,14.57
2024-06-12,Clothing,South,244,46.77
2024-06-12,Electronics,North,271,162.99
2024-06-13,Home,South,72,93.82
2024-06-13,Books,West,48,12.16
2024-06-13,Electronics,West,3,88.79
2024-06-13,Clothing,East,206,45.95
2024-06-14,Books,South,223,25.42
2024-06-14,Books,South,242,19.08
2024-06-14,Books,East,109,21.53
2024-06-14,Home,South,207,89.23
2024-06-14,Clothing,West,60,65.83
2024-06-14,Electronics,South,39,126.17
2024-06-15,Clothing,East,177,38.75
2024-06-15,Clothing,East,140,38.3
2024-06-15,Clothing,West,138,42.8
2024-06-15,Clothing,East,230,44.13
2024-06-16,Clothing,East,79,49.06
2024-06-16,Electronics,East,29,139.93
2024-06-16,Home,South,260,94.43
2024-06-16,Books,South,160,22.06
2024-06-16,Clothing,North,272,35.73
2024-06-16,Electronics,South,114,142.69
2024-06-16,Clothing,North,239,43.55
2024-06-17,Electronics,South,41,123.49
2024-06-17,Electronics,East,61,133.52
2024-06-17,Clothing,East,269,47.52
2024-06-18,Electronics,North,216,141.91
2024-06-18,Home,South,86,57.34
2024-06-18,Home,South,271,92.3
2024-06-18,Home,East,214,103.79
2024-06-18,Home,East,54,66.03
2024-06-18,Home,South,224,56.71
2024-06-19,Clothing,East,226,55.27
2024-06-19,Clothing,North,187,41.38
2024-06-19,Books,North,137,24.38
2024-06-19,Clothing,North,59,43.4
2024-06-20,Clothing,South,187,25.63
2024-06-20,Electronics,West,235,74.79
2024-06-20,Home,West,199,61.6
2024-06-20,Home,East,30,56.25
2024-06-20,Home,North,86,101.07
2024-06-20,Clothing,West,119,45.87
2024-06-21,Clothing,North,70,32.26
2024-06-21,Home,South,61,76.14
2024-06-21,Books,North,146,23.59
2024-06-21,Books,South,285,24.25
2024-06-21,Electronics,East,270,145.09
2024-06-21,Home,West,59,95.87
2024-06-21,Clothing,North,76,38.79
2024-06-22,Books,South,185,17.25
2024-06-22,Books,West,10,21.87
2024-06-23,Books,South,210,20.92
2024-06-23,Clothing,East,272,48.28
2024-06-23,Home,East,111,70.6
2024-06-23,Home,South,53,89.96
2024-06-23,Electronics,West,181,175.1
2024-06-24,Books,East,4,20.8
2024-06-24,Home,East,219,76.44
2024-06-24,Clothing,West,194,41.46
2024-06-25,Clothing,West,190,49.4
2024-06-25,Home,West,248,43.78
2024-06-25,Home,North,253,90.4
2024-06-25,Clothing,West,103,66.67
2024-06-25,Home,North,94,93.19
2024-06-25,Books,South,110,18.34
2024-06-25,Electronics,East,288,82.94
2024-06-26,Electronics,West,276,168.68
2024-06-26,Clothing,East,283,34.14
2024-06-26,Clothing,West,127,47.0
2024-06-26,Electronics,North,300,131.2
2024-06-26,Home,North,135,76.95
2024-06-26,Books,East,99,18.15
2024-06-26,Electronics,North,296,114.74
2024-06-27,Clothing,East,1,68.06
2024-06-27,Clothing,North,200,44.42
2024-06-27,Home,North,157,65.25
2024-06-27,Clothing,North,62,43.31
2024-06-27,Electronics,North,223,98.18
2024-06-27,Electronics,East,112,142.08
2024-06-27,Electronics,South,159,147.29
2024-06-27,Home,North,128,92.32
2024-06-27,Electronics,South,214,129.99
2024-06-27,Clothing,East,100,27.23
2024-06-27,Home,West,242,76.43
2024-06-27,Electronics,East,86,229.73
2024-06-27,Electronics,North,112,115.57
2024-06-28,Electronics,North,247,153.74
2024-06-28,Electronics,East,154,136.14
2024-06-28,Home,West,217,49.89
2024-06-28,Home,West,96,61.98
2024-06-28,Electronics,East,182,97.4
2024-06-28,Books,North,98,16.1
2024-06-28,Electronics,North,210,100.3
2024-06-28,Books,North,48,26.47
2024-06-28,Books,West,74,18.65
2024-06-28,Clothing,South,48,33.66
